{"0": {"mu_sl": 100.0, "sigma_SL": 30.000000000000004, "SL": 0.6, "k": -1.5648732579740183, "profit_r": 1400.053934292249}, "1": {"mu_sl": 105.0, "sigma_SL": 30.7408522978788, "SL": 0.61, "k": -1.574573621279263, "profit_r": 1464.2254708053208}, "2": {"mu_sl": 110.0, "sigma_SL": 31.46426544510455, "SL": 0.62, "k": -1.5791062290418394, "profit_r": 1531.1711909280339}, "3": {"mu_sl": 115.00000000000001, "sigma_SL": 32.17141588429083, "SL": 0.63, "k": -1.5787322899167622, "profit_r": 1600.9770871221374}, "4": {"mu_sl": 120.00000000000001, "sigma_SL": 32.86335345030997, "SL": 0.64, "k": -1.5737012547910951, "profit_r": 1673.7061727897367}, "5": {"mu_sl": 125.00000000000003, "sigma_SL": 33.54101966249685, "SL": 0.65, "k": -1.5642514664296954, "profit_r": 1749.4007171739709}, "6": {"mu_sl": 130.00000000000003, "sigma_SL": 34.20526275297414, "SL": 0.66, "k": -1.5506104053217562, "profit_r": 1828.0842858759643}, "7": {"mu_sl": 135.00000000000003, "sigma_SL": 34.856850115866756, "SL": 0.67, "k": -1.5329946449665444, "profit_r": 1909.763611405996}, "8": {"mu_sl": 140.00000000000003, "sigma_SL": 35.496478698597706, "SL": 0.68, "k": -1.5116095983082531, "profit_r": 1994.430310390958}, "9": {"mu_sl": 145.00000000000006, "sigma_SL": 36.12478373637689, "SL": 0.6900000000000001, "k": -1.4866491134647388, "profit_r": 2082.062458432549}, "10": {"mu_sl": 150.00000000000006, "sigma_SL": 36.74234614174768, "SL": 0.7000000000000001, "k": -1.4582949587897776, "profit_r": 2172.6260295536}, "11": {"mu_sl": 155.00000000000006, "sigma_SL": 37.349698793966205, "SL": 0.7100000000000001, "k": -1.4267162229189878, "profit_r": 2266.076204232298}, "12": {"mu_sl": 160.00000000000006, "sigma_SL": 37.94733192202056, "SL": 0.7200000000000001, "k": -1.3920686435157843, "profit_r": 2362.3585478514537}, "13": {"mu_sl": 165.00000000000006, "sigma_SL": 38.5356977359954, "SL": 0.7300000000000001, "k": -1.3544938680006908, "profit_r": 2461.410059688573}, "14": {"mu_sl": 170.00000000000006, "sigma_SL": 39.115214431215904, "SL": 0.7400000000000001, "k": -1.3141186398259468, "profit_r": 2563.160091090423}, "15": {"mu_sl": 175.00000000000006, "sigma_SL": 39.686269665968865, "SL": 0.7500000000000001, "k": -1.271053894141208, "profit_r": 2667.5311299741143}, "16": {"mu_sl": 180.00000000000006, "sigma_SL": 40.249223594996224, "SL": 0.7600000000000001, "k": -1.2253937362529879, "profit_r": 2774.4394470404036}, "17": {"mu_sl": 185.00000000000009, "sigma_SL": 40.804411526206344, "SL": 0.7700000000000001, "k": -1.1772142642729062, "profit_r": 2883.7955968169485}, "18": {"mu_sl": 190.00000000000009, "sigma_SL": 41.35214625627068, "SL": 0.7800000000000001, "k": -1.1265721827228696, "profit_r": 2995.5047635557844}, "19": {"mu_sl": 195.00000000000009, "sigma_SL": 41.89272013130683, "SL": 0.7900000000000001, "k": -1.0735031351820932, "profit_r": 3109.4669376941797}, "20": {"mu_sl": 200.00000000000009, "sigma_SL": 42.42640687119286, "SL": 0.8000000000000002, "k": -1.0180196592818422, "profit_r": 3225.5769024942088}, "21": {"mu_sl": 205.00000000000009, "sigma_SL": 42.95346318982907, "SL": 0.8100000000000002, "k": -0.9601086334708503, "profit_r": 3343.7240018021726}, "22": {"mu_sl": 210.00000000000009, "sigma_SL": 43.47413023856833, "SL": 0.8200000000000002, "k": -0.8997280374272489, "profit_r": 3463.7916474052813}, "23": {"mu_sl": 215.0000000000001, "sigma_SL": 43.98863489584555, "SL": 0.8300000000000002, "k": -0.8368027796951938, "profit_r": 3585.6565063362104}, "24": {"mu_sl": 220.0000000000001, "sigma_SL": 44.49719092257399, "SL": 0.8400000000000002, "k": -0.7712192457909768, "profit_r": 3709.187281704289}, "25": {"mu_sl": 225.0000000000001, "sigma_SL": 45.000000000000014, "SL": 0.8500000000000002, "k": -0.7028180692262014, "profit_r": 3834.2429603445585}, "26": {"mu_sl": 230.0000000000001, "sigma_SL": 45.49725266430932, "SL": 0.8600000000000002, "k": -0.6313843957087247, "profit_r": 3960.6703385986016}, "27": {"mu_sl": 235.0000000000001, "sigma_SL": 45.989129150267686, "SL": 0.8700000000000002, "k": -0.5566345437285836, "profit_r": 4088.300539741745}, "28": {"mu_sl": 240.0000000000001, "sigma_SL": 46.475800154489015, "SL": 0.8800000000000002, "k": -0.4781973671861145, "profit_r": 4216.944077690959}, "29": {"mu_sl": 245.00000000000014, "sigma_SL": 46.9574275274956, "SL": 0.8900000000000002, "k": -0.3955876200532238, "profit_r": 4346.383754785254}, "30": {"mu_sl": 250.00000000000014, "sigma_SL": 47.4341649025257, "SL": 0.9000000000000002, "k": -0.308166864743739, "profit_r": 4476.364215771197}, "31": {"mu_sl": 255.00000000000017, "sigma_SL": 47.906158268013954, "SL": 0.9100000000000003, "k": -0.215084252228353, "profit_r": 4606.576130535403}, "32": {"mu_sl": 260.0000000000001, "sigma_SL": 48.373546489791316, "SL": 0.9200000000000003, "k": -0.1151833130274135, "profit_r": 4736.631344609583}, "33": {"mu_sl": 265.0000000000001, "sigma_SL": 48.83646178829913, "SL": 0.9300000000000003, "k": -0.006848207667391904, "profit_r": 4866.021992023261}, "34": {"mu_sl": 270.0000000000001, "sigma_SL": 49.295030175464966, "SL": 0.9400000000000003, "k": 0.11226521610480239, "profit_r": 4994.049170299394}, "35": {"mu_sl": 275.00000000000017, "sigma_SL": 49.74937185533101, "SL": 0.9500000000000003, "k": 0.24573675686152716, "profit_r": 5119.688766550475}, "36": {"mu_sl": 280.00000000000017, "sigma_SL": 50.19960159204455, "SL": 0.9600000000000003, "k": 0.3994404705309545, "profit_r": 5241.3122548713045}, "37": {"mu_sl": 285.0000000000001, "sigma_SL": 50.64582904840241, "SL": 0.9700000000000003, "k": 0.5840919875461349, "profit_r": 5356.016674000359}, "38": {"mu_sl": 290.00000000000017, "sigma_SL": 51.08815909777922, "SL": 0.9800000000000003, "k": 0.8228905183271843, "profit_r": 5457.620037355958}, "39": {"mu_sl": 295.0000000000002, "sigma_SL": 51.526692111953025, "SL": 0.9900000000000003, "k": 1.186017350867733, "profit_r": 5527.638389871608}}