{"0": {"buyback_percent": 0.0, "profit_r_opt": 3522.1274520391025, "k_opt": -0.308166864743739, "SL_opt": 0.9000000000000002, "prof_m": 2283.0094339717, "k_opt_m": -0.308166864743739, "SL_opt_m": 0.9900000000000003}, "1": {"buyback_percent": 0.1, "profit_r_opt": 3638.7497352549453, "k_opt": -0.215084252228353, "SL_opt": 0.9100000000000003, "prof_m": 2339.8782892394124, "k_opt_m": -0.215084252228353, "SL_opt_m": 0.9900000000000003}, "2": {"buyback_percent": 0.2, "profit_r_opt": 3768.6688983830627, "k_opt": -0.1151833130274135, "SL_opt": 0.9200000000000003, "prof_m": 2393.9707233578547, "k_opt_m": -0.1151833130274135, "SL_opt_m": 0.9900000000000003}, "3": {"buyback_percent": 0.30000000000000004, "profit_r_opt": 3916.133761392328, "k_opt": -0.006848207667391904, "SL_opt": 0.9300000000000003, "prof_m": 2444.2117661773977, "k_opt_m": -0.006848207667391904, "SL_opt_m": 0.9900000000000003}, "4": {"buyback_percent": 0.4, "profit_r_opt": 4086.8345711807037, "k_opt": 0.11226521610480239, "SL_opt": 0.9400000000000003, "prof_m": 2489.1157178010567, "k_opt_m": 0.11226521610480239, "SL_opt_m": 0.9900000000000003}, "5": {"buyback_percent": 0.5, "profit_r_opt": 4288.635987904212, "k_opt": 0.24573675686152716, "SL_opt": 0.9500000000000003, "prof_m": 2526.5243629519236, "k_opt_m": 0.24573675686152716, "SL_opt_m": 0.9900000000000003}, "6": {"buyback_percent": 0.6000000000000001, "profit_r_opt": 4532.9379894706335, "k_opt": 0.3994404705309545, "SL_opt": 0.9600000000000003, "prof_m": 2553.07716109055, "k_opt_m": 0.3994404705309545, "SL_opt_m": 0.9900000000000003}, "7": {"buyback_percent": 0.7000000000000001, "profit_r_opt": 4837.546779720995, "k_opt": 0.5840919875461349, "SL_opt": 0.9700000000000003, "prof_m": 2562.9757067165224, "k_opt_m": 0.5840919875461349, "SL_opt_m": 0.9900000000000003}, "8": {"buyback_percent": 0.8, "profit_r_opt": 5234.058475601885, "k_opt": 0.8228905183271843, "SL_opt": 0.9800000000000003, "prof_m": 2544.3967545242567, "k_opt_m": 0.5840919875461349, "SL_opt_m": 0.9900000000000003}, "9": {"buyback_percent": 0.9, "profit_r_opt": 5795.2879385378465, "k_opt": 1.186017350867733, "SL_opt": 0.9900000000000003, "prof_m": 2463.8744503779017, "k_opt_m": 0.5840919875461349, "SL_opt_m": 0.9900000000000003}}