{"0": {"mu_sl": 100.0, "sigma_SL": 30.000000000000004, "SL": 0.6, "k": -1.5648732579740183, "profit_r": 1273.6760312163317}, "1": {"mu_sl": 105.0, "sigma_SL": 30.7408522978788, "SL": 0.61, "k": -1.574573621279263, "profit_r": 1338.650160076527}, "2": {"mu_sl": 110.0, "sigma_SL": 31.46426544510455, "SL": 0.62, "k": -1.5791062290418394, "profit_r": 1405.9727193492224}, "3": {"mu_sl": 115.00000000000001, "sigma_SL": 32.17141588429083, "SL": 0.63, "k": -1.5787322899167622, "profit_r": 1475.7003042401043}, "4": {"mu_sl": 120.00000000000001, "sigma_SL": 32.86335345030997, "SL": 0.64, "k": -1.5737012547910951, "profit_r": 1547.856316845027}, "5": {"mu_sl": 125.00000000000003, "sigma_SL": 33.54101966249685, "SL": 0.65, "k": -1.5642514664296954, "profit_r": 1622.4327498919138}, "6": {"mu_sl": 130.00000000000003, "sigma_SL": 34.20526275297414, "SL": 0.66, "k": -1.5506104053217562, "profit_r": 1699.3915562155498}, "7": {"mu_sl": 135.00000000000003, "sigma_SL": 34.856850115866756, "SL": 0.67, "k": -1.5329946449665444, "profit_r": 1778.665618421415}, "8": {"mu_sl": 140.00000000000003, "sigma_SL": 35.496478698597706, "SL": 0.68, "k": -1.5116095983082531, "profit_r": 1860.1593237891873}, "9": {"mu_sl": 145.00000000000006, "sigma_SL": 36.12478373637689, "SL": 0.6900000000000001, "k": -1.4866491134647388, "profit_r": 1943.7487401037115}, "10": {"mu_sl": 150.00000000000006, "sigma_SL": 36.74234614174768, "SL": 0.7000000000000001, "k": -1.4582949587897776, "profit_r": 2029.2813784228415}, "11": {"mu_sl": 155.00000000000006, "sigma_SL": 37.349698793966205, "SL": 0.7100000000000001, "k": -1.4267162229189878, "profit_r": 2116.5755182684056}, "12": {"mu_sl": 160.00000000000006, "sigma_SL": 37.94733192202056, "SL": 0.7200000000000001, "k": -1.3920686435157843, "profit_r": 2205.4190586560494}, "13": {"mu_sl": 165.00000000000006, "sigma_SL": 38.5356977359954, "SL": 0.7300000000000001, "k": -1.3544938680006908, "profit_r": 2295.567843856281}, "14": {"mu_sl": 170.00000000000006, "sigma_SL": 39.115214431215904, "SL": 0.7400000000000001, "k": -1.3141186398259468, "profit_r": 2386.7433946398273}, "15": {"mu_sl": 175.00000000000006, "sigma_SL": 39.686269665968865, "SL": 0.7500000000000001, "k": -1.271053894141208, "profit_r": 2478.6299524802507}, "16": {"mu_sl": 180.00000000000006, "sigma_SL": 40.249223594996224, "SL": 0.7600000000000001, "k": -1.2253937362529879, "profit_r": 2570.8707137268225}, "17": {"mu_sl": 185.00000000000009, "sigma_SL": 40.804411526206344, "SL": 0.7700000000000001, "k": -1.1772142642729062, "profit_r": 2663.063090321798}, "18": {"mu_sl": 190.00000000000009, "sigma_SL": 41.35214625627068, "SL": 0.7800000000000001, "k": -1.1265721827228696, "profit_r": 2754.752779272966}, "19": {"mu_sl": 195.00000000000009, "sigma_SL": 41.89272013130683, "SL": 0.7900000000000001, "k": -1.0735031351820932, "profit_r": 2845.426349134372}, "20": {"mu_sl": 200.00000000000009, "sigma_SL": 42.42640687119286, "SL": 0.8000000000000002, "k": -1.0180196592818422, "profit_r": 2934.501949848815}, "21": {"mu_sl": 205.00000000000009, "sigma_SL": 42.95346318982907, "SL": 0.8100000000000002, "k": -0.9601086334708503, "profit_r": 3021.3176099522925}, "22": {"mu_sl": 210.00000000000009, "sigma_SL": 43.47413023856833, "SL": 0.8200000000000002, "k": -0.8997280374272489, "profit_r": 3105.116383185661}, "23": {"mu_sl": 215.0000000000001, "sigma_SL": 43.98863489584555, "SL": 0.8300000000000002, "k": -0.8368027796951938, "profit_r": 3185.0273151041647}, "24": {"mu_sl": 220.0000000000001, "sigma_SL": 44.49719092257399, "SL": 0.8400000000000002, "k": -0.7712192457909768, "profit_r": 3260.0407716022573}, "25": {"mu_sl": 225.0000000000001, "sigma_SL": 45.000000000000014, "SL": 0.8500000000000002, "k": -0.7028180692262014, "profit_r": 3328.976027383072}, "26": {"mu_sl": 230.0000000000001, "sigma_SL": 45.49725266430932, "SL": 0.8600000000000002, "k": -0.6313843957087247, "profit_r": 3390.438022403988}, "27": {"mu_sl": 235.0000000000001, "sigma_SL": 45.989129150267686, "SL": 0.8700000000000002, "k": -0.5566345437285836, "profit_r": 3442.7586319736874}, "28": {"mu_sl": 240.0000000000001, "sigma_SL": 46.475800154489015, "SL": 0.8800000000000002, "k": -0.4781973671861145, "profit_r": 3483.915257172569}, "29": {"mu_sl": 245.00000000000014, "sigma_SL": 46.9574275274956, "SL": 0.8900000000000002, "k": -0.3955876200532238, "profit_r": 3511.41527637342}, "30": {"mu_sl": 250.00000000000014, "sigma_SL": 47.4341649025257, "SL": 0.9000000000000002, "k": -0.308166864743739, "profit_r": 3522.1274520391025}, "31": {"mu_sl": 255.00000000000017, "sigma_SL": 47.906158268013954, "SL": 0.9100000000000003, "k": -0.215084252228353, "profit_r": 3512.0277977030946}, "32": {"mu_sl": 260.0000000000001, "sigma_SL": 48.373546489791316, "SL": 0.9200000000000003, "k": -0.1151833130274135, "profit_r": 3475.8012780821737}, "33": {"mu_sl": 265.0000000000001, "sigma_SL": 48.83646178829913, "SL": 0.9300000000000003, "k": -0.006848207667391904, "profit_r": 3406.1872083847957}, "34": {"mu_sl": 270.0000000000001, "sigma_SL": 49.295030175464966, "SL": 0.9400000000000003, "k": 0.11226521610480239, "profit_r": 3292.837906668291}, "35": {"mu_sl": 275.00000000000017, "sigma_SL": 49.74937185533101, "SL": 0.9500000000000003, "k": 0.24573675686152716, "profit_r": 3120.1719838338918}, "36": {"mu_sl": 280.00000000000017, "sigma_SL": 50.19960159204455, "SL": 0.9600000000000003, "k": 0.3994404705309545, "profit_r": 2862.9073596316443}, "37": {"mu_sl": 285.0000000000001, "sigma_SL": 50.64582904840241, "SL": 0.9700000000000003, "k": 0.5840919875461349, "profit_r": 2475.3413172106716}, "38": {"mu_sl": 290.00000000000017, "sigma_SL": 51.08815909777922, "SL": 0.9800000000000003, "k": 0.8228905183271843, "profit_r": 1859.2776024129662}, "39": {"mu_sl": 295.0000000000002, "sigma_SL": 51.526692111953025, "SL": 0.9900000000000003, "k": 1.186017350867733, "profit_r": 719.6599743595043}}