{
    "alpha": 0.1,
    "beta": 1,
    "SL0": 0.6,
    "n": 100,
    "mu_t": 100,
    "sigma_t": 30,
    "ratio_l_nl": 0.5,
    "p_m": 18,
    "p_r": 20,
    "c_b": 5,
    "c_h": 5,
    "p_b": 2,
    "buyback_percent": 0,
    "mu_l": 50,
    "mu_nl": 50,
    "sigma_l": 21.213203435596427,
    "sigma_nl": 21.213203435596427
}