{"0": {"buyback_percent": 0.0, "profit_r_opt": 3522.1274520391025, "k_opt": -0.308166864743739, "SL_opt": 0.9000000000000002, "prof_m": 2283.0094339717, "profit_r_m_opt": 3522.1274520391025}, "1": {"buyback_percent": 0.01, "profit_r_opt": 3533.1328783687877, "k_opt": -0.308166864743739, "SL_opt": 0.9000000000000002, "prof_m": 2282.0089406690017, "profit_r_m_opt": 3522.1274520391025}, "2": {"buyback_percent": 0.02, "profit_r_opt": 3544.138304698473, "k_opt": -0.308166864743739, "SL_opt": 0.9000000000000002, "prof_m": 2281.008447366303, "profit_r_m_opt": 3522.1274520391025}, "3": {"buyback_percent": 0.03, "profit_r_opt": 3555.1437310281576, "k_opt": -0.308166864743739, "SL_opt": 0.9000000000000002, "prof_m": 2280.0079540636043, "profit_r_m_opt": 3522.1274520391025}, "4": {"buyback_percent": 0.04, "profit_r_opt": 3566.149157357843, "k_opt": -0.308166864743739, "SL_opt": 0.9000000000000002, "prof_m": 2279.007460760906, "profit_r_m_opt": 3522.1274520391025}, "5": {"buyback_percent": 0.05, "profit_r_opt": 3577.154583687528, "k_opt": -0.308166864743739, "SL_opt": 0.9000000000000002, "prof_m": 2278.006967458207, "profit_r_m_opt": 3522.1274520391025}, "6": {"buyback_percent": 0.06, "profit_r_opt": 3588.1600100172127, "k_opt": -0.308166864743739, "SL_opt": 0.9000000000000002, "prof_m": 2277.0064741555084, "profit_r_m_opt": 3522.1274520391025}, "7": {"buyback_percent": 0.07, "profit_r_opt": 3600.7331539893908, "k_opt": -0.215084252228353, "SL_opt": 0.9100000000000003, "prof_m": 2343.3343420817355, "profit_r_m_opt": 3600.7331539893908}, "8": {"buyback_percent": 0.08, "profit_r_opt": 3613.405347744576, "k_opt": -0.215084252228353, "SL_opt": 0.9100000000000003, "prof_m": 2342.1823244676275, "profit_r_m_opt": 3600.7331539893908}, "9": {"buyback_percent": 0.09, "profit_r_opt": 3626.0775414997606, "k_opt": -0.215084252228353, "SL_opt": 0.9100000000000003, "prof_m": 2341.03030685352, "profit_r_m_opt": 3600.7331539893908}, "10": {"buyback_percent": 0.1, "profit_r_opt": 3638.7497352549453, "k_opt": -0.215084252228353, "SL_opt": 0.9100000000000003, "prof_m": 2339.8782892394124, "profit_r_m_opt": 3600.7331539893908}, "11": {"buyback_percent": 0.11, "profit_r_opt": 3651.421929010131, "k_opt": -0.215084252228353, "SL_opt": 0.9100000000000003, "prof_m": 2338.7262716253044, "profit_r_m_opt": 3600.7331539893908}, "12": {"buyback_percent": 0.12, "profit_r_opt": 3664.0941227653157, "k_opt": -0.215084252228353, "SL_opt": 0.9100000000000003, "prof_m": 2337.574254011197, "profit_r_m_opt": 3600.7331539893908}, "13": {"buyback_percent": 0.13, "profit_r_opt": 3676.7663165205013, "k_opt": -0.215084252228353, "SL_opt": 0.9100000000000003, "prof_m": 2336.422236397089, "profit_r_m_opt": 3600.7331539893908}, "14": {"buyback_percent": 0.14, "profit_r_opt": 3689.438510275686, "k_opt": -0.215084252228353, "SL_opt": 0.9100000000000003, "prof_m": 2335.2702187829814, "profit_r_m_opt": 3600.7331539893908}, "15": {"buyback_percent": 0.15, "profit_r_opt": 3702.1107040308716, "k_opt": -0.215084252228353, "SL_opt": 0.9100000000000003, "prof_m": 2334.1182011688734, "profit_r_m_opt": 3600.7331539893908}, "16": {"buyback_percent": 0.16, "profit_r_opt": 3714.7828977860563, "k_opt": -0.215084252228353, "SL_opt": 0.9100000000000003, "prof_m": 2332.966183554766, "profit_r_m_opt": 3600.7331539893908}, "17": {"buyback_percent": 0.17, "profit_r_opt": 3727.455091541242, "k_opt": -0.215084252228353, "SL_opt": 0.9100000000000003, "prof_m": 2331.814165940658, "profit_r_m_opt": 3600.7331539893908}, "18": {"buyback_percent": 0.18, "profit_r_opt": 3740.1272852964266, "k_opt": -0.215084252228353, "SL_opt": 0.9100000000000003, "prof_m": 2330.6621483265503, "profit_r_m_opt": 3600.7331539893908}, "19": {"buyback_percent": 0.19, "profit_r_opt": 3754.0255173680175, "k_opt": -0.1151833130274135, "SL_opt": 0.9200000000000003, "prof_m": 2395.301939813768, "profit_r_m_opt": 3754.0255173680175}, "20": {"buyback_percent": 0.2, "profit_r_opt": 3768.6688983830627, "k_opt": -0.1151833130274135, "SL_opt": 0.9200000000000003, "prof_m": 2393.9707233578547, "profit_r_m_opt": 3754.0255173680175}, "21": {"buyback_percent": 0.21, "profit_r_opt": 3783.3122793981065, "k_opt": -0.1151833130274135, "SL_opt": 0.9200000000000003, "prof_m": 2392.639506901942, "profit_r_m_opt": 3754.0255173680175}, "22": {"buyback_percent": 0.22, "profit_r_opt": 3797.9556604131512, "k_opt": -0.1151833130274135, "SL_opt": 0.9200000000000003, "prof_m": 2391.3082904460284, "profit_r_m_opt": 3754.0255173680175}, "23": {"buyback_percent": 0.23, "profit_r_opt": 3812.5990414281955, "k_opt": -0.1151833130274135, "SL_opt": 0.9200000000000003, "prof_m": 2389.9770739901155, "profit_r_m_opt": 3754.0255173680175}, "24": {"buyback_percent": 0.24, "profit_r_opt": 3827.2424224432402, "k_opt": -0.1151833130274135, "SL_opt": 0.9200000000000003, "prof_m": 2388.645857534202, "profit_r_m_opt": 3754.0255173680175}, "25": {"buyback_percent": 0.25, "profit_r_opt": 3841.8858034582845, "k_opt": -0.1151833130274135, "SL_opt": 0.9200000000000003, "prof_m": 2387.3146410782892, "profit_r_m_opt": 3754.0255173680175}, "26": {"buyback_percent": 0.26, "profit_r_opt": 3856.529184473329, "k_opt": -0.1151833130274135, "SL_opt": 0.9200000000000003, "prof_m": 2385.983424622376, "profit_r_m_opt": 3754.0255173680175}, "27": {"buyback_percent": 0.27, "profit_r_opt": 3871.1725654883735, "k_opt": -0.1151833130274135, "SL_opt": 0.9200000000000003, "prof_m": 2384.652208166463, "profit_r_m_opt": 3754.0255173680175}, "28": {"buyback_percent": 0.28, "profit_r_opt": 3885.815946503418, "k_opt": -0.1151833130274135, "SL_opt": 0.9200000000000003, "prof_m": 2383.3209917105496, "profit_r_m_opt": 3754.0255173680175}, "29": {"buyback_percent": 0.29, "profit_r_opt": 3900.4593275184625, "k_opt": -0.1151833130274135, "SL_opt": 0.9200000000000003, "prof_m": 2381.9897752546367, "profit_r_m_opt": 3754.0255173680175}, "30": {"buyback_percent": 0.3, "profit_r_opt": 3916.133761392328, "k_opt": -0.006848207667391904, "SL_opt": 0.9300000000000003, "prof_m": 2444.2117661773977, "profit_r_m_opt": 3916.133761392328}, "31": {"buyback_percent": 0.31, "profit_r_opt": 3933.131979825912, "k_opt": -0.006848207667391904, "SL_opt": 0.9300000000000003, "prof_m": 2442.6664735925265, "profit_r_m_opt": 3916.133761392328}, "32": {"buyback_percent": 0.32, "profit_r_opt": 3950.1301982594964, "k_opt": -0.006848207667391904, "SL_opt": 0.9300000000000003, "prof_m": 2441.121181007655, "profit_r_m_opt": 3916.133761392328}, "33": {"buyback_percent": 0.33, "profit_r_opt": 3967.128416693081, "k_opt": -0.006848207667391904, "SL_opt": 0.9300000000000003, "prof_m": 2439.575888422784, "profit_r_m_opt": 3916.133761392328}, "34": {"buyback_percent": 0.34, "profit_r_opt": 3984.126635126665, "k_opt": -0.006848207667391904, "SL_opt": 0.9300000000000003, "prof_m": 2438.0305958379126, "profit_r_m_opt": 3916.133761392328}, "35": {"buyback_percent": 0.35000000000000003, "profit_r_opt": 4001.1248535602494, "k_opt": -0.006848207667391904, "SL_opt": 0.9300000000000003, "prof_m": 2436.4853032530414, "profit_r_m_opt": 3916.133761392328}, "36": {"buyback_percent": 0.36, "profit_r_opt": 4018.123071993834, "k_opt": -0.006848207667391904, "SL_opt": 0.9300000000000003, "prof_m": 2434.9400106681696, "profit_r_m_opt": 3916.133761392328}, "37": {"buyback_percent": 0.37, "profit_r_opt": 4035.1212904274184, "k_opt": -0.006848207667391904, "SL_opt": 0.9300000000000003, "prof_m": 2433.3947180832984, "profit_r_m_opt": 3916.133761392328}, "38": {"buyback_percent": 0.38, "profit_r_opt": 4052.119508861003, "k_opt": -0.006848207667391904, "SL_opt": 0.9300000000000003, "prof_m": 2431.849425498427, "profit_r_m_opt": 3916.133761392328}, "39": {"buyback_percent": 0.39, "profit_r_opt": 4069.1177272945874, "k_opt": -0.006848207667391904, "SL_opt": 0.9300000000000003, "prof_m": 2430.304132913556, "profit_r_m_opt": 3916.133761392328}, "40": {"buyback_percent": 0.4, "profit_r_opt": 4086.8345711807037, "k_opt": 0.11226521610480239, "SL_opt": 0.9400000000000003, "prof_m": 2489.1157178010567,